Parameter,Unit,Times(Count) in 3 seconds interval,Measure Values,Measured Period (hours),Average value,Standard Deviation,5% value,50% value,95% value
Voltage Phase A,V,2343,0.200 - 253.660,19.52,243.280,21.222,240.544,244.400,250.720
Voltage Phase B,V,2343,0.020 - 254.780,19.52,242.855,21.221,240.002,244.000,250.578
Voltage Phase C,V,2343,0.060 - 253.160,19.52,243.190,21.244,240.042,244.500,250.758
Current Phase A,A,2343,0.100 - 6276.700,19.52,738.984,176.189,526.310,756.800,889.290
Current Phase B,A,2343,0.100 - 6276.700,19.52,680.937,239.494,460.750,699.300,826.590
Current Phase C,A,2343,0.100 - 835.300,19.52,623.054,130.347,407.620,647.400,772.140
